id,SpatialDim,TimeDim,NumericValue,Country
965,AFG,2020,12000.0,Afghanistan
966,ALB,2020,1400.0,Albania
967,DZA,2020,18000.0,Algeria
968,AGO,2020,340000.0,Angola
969,ARG,2020,140000.0,Argentina
970,ARM,2020,4800.0,Armenia
971,AUS,2020,30000.0,Australia
972,AZE,2020,9900.0,Azerbaijan
973,BHS,2020,4700.0,Bahamas
974,BLR,2020,28000.0,Belarus
975,BLZ,2020,3800.0,Belize
976,BEN,2020,75000.0,Benin
977,BOL,2020,17000.0,Bolivia
978,BWA,2020,370000.0,Botswana
979,BRA,2020,930000.0,Brazil
980,BFA,2020,97000.0,Burkina Faso
981,BDI,2020,83000.0,Burundi
982,KHM,2020,75000.0,Cambodia
983,CMR,2020,500000.0,Cameroon
984,CPV,2020,2400.0,Cape Verde
985,CAF,2020,88000.0,Central African Republic
986,CHL,2020,77000.0,Chile
987,COL,2020,180000.0,Colombia
988,CRI,2020,16000.0,Costa Rica
989,CIV,2020,380000.0,Côte d'Ivoire
990,HRV,2020,1700.0,Croatia
991,CUB,2020,33000.0,Cuba
992,COD,2020,510000.0,Democratic Republic of the Congo
993,DNK,2020,6700.0,Denmark
994,DJI,2020,6800.0,Djibouti
995,DOM,2020,75000.0,Dominican Republic
996,ECU,2020,45000.0,Ecuador
997,EGY,2020,24000.0,Egypt
998,SLV,2020,25000.0,El Salvador
999,GNQ,2020,68000.0,Equatorial Guinea
1000,ERI,2020,13000.0,Eritrea
1001,EST,2020,7100.0,Estonia
1002,SWZ,2020,200000.0,Swaziland
1003,ETH,2020,620000.0,Ethiopia
1004,FJI,2020,1300.0,Fiji
1005,GAB,2020,46000.0,Gabon
1006,GMB,2020,27000.0,Gambia
1007,GEO,2020,8400.0,Georgia
1008,DEU,2020,93000.0,Germany
1009,GHA,2020,350000.0,Ghana
1010,GRC,2020,17000.0,Greece
1011,GTM,2020,33000.0,Guatemala
1012,GNB,2020,37000.0,Guinea-Bissau
1013,GUY,2020,9000.0,Guyana
1014,HTI,2020,150000.0,Haiti
1015,HND,2020,22000.0,Honduras
1016,IND,2020,2300000.0,India
1017,IDN,2020,540000.0,Indonesia
1018,IRN,2020,54000.0,"Iran, Islamic Republic of"
1019,IRL,2020,7800.0,Ireland
1020,ITA,2020,140000.0,Italy
1021,JAM,2020,32000.0,Jamaica
1022,JPN,2020,30000.0,Japan
1023,JOR,2020,930.0,Jordan
1024,KAZ,2020,35000.0,Kazakhstan
1025,KEN,2020,1400000.0,Kenya
1026,KGZ,2020,9200.0,Kyrgyzstan
1027,LAO,2020,15000.0,Lao People's Democratic Republic
1028,LBN,2020,2700.0,Lebanon
1029,LSO,2020,280000.0,Lesotho
1030,LBR,2020,35000.0,Liberia
1031,LBY,2020,6700.0,Libyan Arab Jamahiriya
1032,MDG,2020,42000.0,Madagascar
1033,MWI,2020,990000.0,Malawi
1034,MYS,2020,92000.0,Malaysia
1035,MRT,2020,8500.0,Mauritania
1036,MUS,2020,14000.0,Mauritius
1037,MEX,2020,340000.0,Mexico
1038,MNG,2020,650.0,Mongolia
1039,MAR,2020,22000.0,Morocco
1040,MOZ,2020,2100000.0,Mozambique
1041,NAM,2020,210000.0,Namibia
1042,NPL,2020,30000.0,Nepal
1043,NLD,2020,24000.0,Netherlands
1044,NZL,2020,3600.0,New Zealand
1045,NIC,2020,12000.0,Nicaragua
1046,NER,2020,31000.0,Niger
1047,NGA,2020,1700000.0,Nigeria
1048,PAK,2020,200000.0,Pakistan
1049,PAN,2020,31000.0,Panama
1050,PNG,2020,55000.0,Papua New Guinea
1051,PRY,2020,19000.0,Paraguay
1052,PER,2020,91000.0,Peru
1053,PHL,2020,120000.0,Philippines
1054,PRT,2020,42000.0,Portugal
1055,MDA,2020,14000.0,Moldova
1056,ROU,2020,19000.0,Romania
1057,RWA,2020,220000.0,Rwanda
1058,SAU,2020,12000.0,Saudi Arabia
1059,SEN,2020,39000.0,Senegal
1060,SRB,2020,3300.0,Serbia
1061,SLE,2020,80000.0,Sierra Leone
1062,SGP,2020,8000.0,Singapore
1063,SVN,2020,810.0,Slovenia
1064,SOM,2020,8700.0,Somalia
1065,ZAF,2020,7800000.0,South Africa
1066,SSD,2020,180000.0,NF
1067,ESP,2020,150000.0,Spain
1068,LKA,2020,3700.0,Sri Lanka
1069,SDN,2020,49000.0,Sudan
1070,SUR,2020,5200.0,Suriname
1071,CHE,2020,17000.0,Switzerland
1072,SYR,2020,840.0,Syrian Arab Republic
1073,TJK,2020,14000.0,Tajikistan
1074,THA,2020,500000.0,Thailand
1075,TLS,2020,1200.0,Timor-Leste
1076,TTO,2020,10000.0,Trinidad and Tobago
1077,TUN,2020,4500.0,Tunisia
1078,UGA,2020,1400000.0,Uganda
1079,UKR,2020,260000.0,Ukraine
1080,TZA,2020,1700000.0,United Republic of Tanzania
1081,URY,2020,12000.0,Uruguay
1082,UZB,2020,58000.0,Uzbekistan
1083,VEN,2020,100000.0,Venezuela (Bolivarian Republic of)
1084,VNM,2020,250000.0,Viet Nam
1085,YEM,2020,11000.0,Yemen
1086,ZMB,2020,1500000.0,Zambia
1087,ZWE,2020,1300000.0,Zimbabwe
1088,AFG,2019,11000.0,Afghanistan
1089,ALB,2019,1400.0,Albania
1090,DZA,2019,17000.0,Algeria
1091,AGO,2019,340000.0,Angola
1092,ARG,2019,140000.0,Argentina
1093,ARM,2019,4500.0,Armenia
1094,AUS,2019,29000.0,Australia
1095,AZE,2019,9800.0,Azerbaijan
1096,BHS,2019,4700.0,Bahamas
1097,BLR,2019,28000.0,Belarus
1098,BLZ,2019,3800.0,Belize
1099,BEN,2019,75000.0,Benin
1100,BOL,2019,17000.0,Bolivia
1101,BWA,2019,370000.0,Botswana
1102,BRA,2019,900000.0,Brazil
1103,BFA,2019,99000.0,Burkina Faso
1104,BDI,2019,83000.0,Burundi
1105,KHM,2019,76000.0,Cambodia
1106,CMR,2019,500000.0,Cameroon
1107,CPV,2019,2300.0,Cape Verde
1108,CAF,2019,90000.0,Central African Republic
1109,CHL,2019,73000.0,Chile
1110,COL,2019,180000.0,Colombia
1111,CRI,2019,14000.0,Costa Rica
1112,CIV,2019,390000.0,Côte d'Ivoire
1113,HRV,2019,1600.0,Croatia
1114,CUB,2019,32000.0,Cuba
1115,COD,2019,510000.0,Democratic Republic of the Congo
1116,DNK,2019,6600.0,Denmark
1117,DJI,2019,7100.0,Djibouti
1118,DOM,2019,74000.0,Dominican Republic
1119,ECU,2019,44000.0,Ecuador
1120,EGY,2019,21000.0,Egypt
1121,SLV,2019,25000.0,El Salvador
1122,GNQ,2019,65000.0,Equatorial Guinea
1123,ERI,2019,13000.0,Eritrea
1124,EST,2019,7000.0,Estonia
1125,SWZ,2019,200000.0,Swaziland
1126,ETH,2019,630000.0,Ethiopia
1127,FJI,2019,1200.0,Fiji
1128,GAB,2019,47000.0,Gabon
1129,GMB,2019,27000.0,Gambia
1130,GEO,2019,7800.0,Georgia
1131,DEU,2019,91000.0,Germany
1132,GHA,2019,340000.0,Ghana
1133,GRC,2019,16000.0,Greece
1134,GTM,2019,33000.0,Guatemala
1135,GNB,2019,38000.0,Guinea-Bissau
1136,GUY,2019,8800.0,Guyana
1137,HTI,2019,150000.0,Haiti
1138,HND,2019,22000.0,Honduras
1139,IND,2019,2300000.0,India
1140,IDN,2019,540000.0,Indonesia
1141,IRN,2019,55000.0,"Iran, Islamic Republic of"
1142,IRL,2019,7500.0,Ireland
1143,ITA,2019,140000.0,Italy
1144,JAM,2019,32000.0,Jamaica
1145,JPN,2019,29000.0,Japan
1146,JOR,2019,880.0,Jordan
1147,KAZ,2019,32000.0,Kazakhstan
1148,KEN,2019,1400000.0,Kenya
1149,KGZ,2019,8700.0,Kyrgyzstan
1150,LAO,2019,15000.0,Lao People's Democratic Republic
1151,LBN,2019,2700.0,Lebanon
1152,LSO,2019,290000.0,Lesotho
1153,LBR,2019,35000.0,Liberia
1154,LBY,2019,6400.0,Libyan Arab Jamahiriya
1155,MDG,2019,38000.0,Madagascar
1156,MWI,2019,990000.0,Malawi
1157,MYS,2019,88000.0,Malaysia
1158,MRT,2019,8600.0,Mauritania
1159,MUS,2019,14000.0,Mauritius
1160,MEX,2019,340000.0,Mexico
1161,MNG,2019,620.0,Mongolia
1162,MAR,2019,22000.0,Morocco
1163,MOZ,2019,2000000.0,Mozambique
1164,NAM,2019,210000.0,Namibia
1165,NPL,2019,30000.0,Nepal
1166,NLD,2019,24000.0,Netherlands
1167,NZL,2019,3500.0,New Zealand
1168,NIC,2019,11000.0,Nicaragua
1169,NER,2019,32000.0,Niger
1170,NGA,2019,1700000.0,Nigeria
1171,PAK,2019,180000.0,Pakistan
1172,PAN,2019,30000.0,Panama
1173,PNG,2019,52000.0,Papua New Guinea
1174,PRY,2019,18000.0,Paraguay
1175,PER,2019,87000.0,Peru
1176,PHL,2019,100000.0,Philippines
1177,PRT,2019,42000.0,Portugal
1178,MDA,2019,14000.0,Moldova
1179,ROU,2019,19000.0,Romania
1180,RWA,2019,220000.0,Rwanda
1181,SAU,2019,11000.0,Saudi Arabia
1182,SEN,2019,40000.0,Senegal
1183,SRB,2019,3200.0,Serbia
1184,SLE,2019,79000.0,Sierra Leone
1185,SGP,2019,8000.0,Singapore
1186,SVN,2019,810.0,Slovenia
1187,SOM,2019,8900.0,Somalia
1188,ZAF,2019,7700000.0,South Africa
1189,SSD,2019,180000.0,NF
1190,ESP,2019,150000.0,Spain
1191,LKA,2019,3700.0,Sri Lanka
1192,SDN,2019,47000.0,Sudan
1193,SUR,2019,5200.0,Suriname
1194,CHE,2019,17000.0,Switzerland
1195,SYR,2019,780.0,Syrian Arab Republic
1196,TJK,2019,14000.0,Tajikistan
1197,THA,2019,510000.0,Thailand
1198,TLS,2019,1200.0,Timor-Leste
1199,TTO,2019,11000.0,Trinidad and Tobago
1200,TUN,2019,4200.0,Tunisia
1201,UGA,2019,1400000.0,Uganda
1202,UKR,2019,250000.0,Ukraine
1203,TZA,2019,1700000.0,United Republic of Tanzania
1204,USA,2019,1200000.0,United States of America
1205,URY,2019,11000.0,Uruguay
1206,UZB,2019,56000.0,Uzbekistan
1207,VEN,2019,100000.0,Venezuela (Bolivarian Republic of)
1208,VNM,2019,250000.0,Viet Nam
1209,YEM,2019,9800.0,Yemen
1210,ZMB,2019,1400000.0,Zambia
1211,ZWE,2019,1300000.0,Zimbabwe
1212,AFG,2018,10000.0,Afghanistan
1213,ALB,2018,1300.0,Albania
1214,DZA,2018,15000.0,Algeria
1215,AGO,2018,330000.0,Angola
1216,ARG,2018,130000.0,Argentina
1217,ARM,2018,4400.0,Armenia
1218,AUS,2018,28000.0,Australia
1219,AZE,2018,9600.0,Azerbaijan
1220,BHS,2018,4700.0,Bahamas
1221,BLR,2018,27000.0,Belarus
1222,BLZ,2018,3700.0,Belize
1223,BEN,2018,76000.0,Benin
1224,BOL,2018,16000.0,Bolivia
1225,BWA,2018,370000.0,Botswana
1226,BRA,2018,870000.0,Brazil
1227,BFA,2018,100000.0,Burkina Faso
1228,BDI,2018,84000.0,Burundi
1229,KHM,2018,76000.0,Cambodia
1230,CMR,2018,500000.0,Cameroon
1231,CAN,2018,62000.0,Canada
1232,CPV,2018,2300.0,Cape Verde
1233,CAF,2018,92000.0,Central African Republic
1234,CHL,2018,68000.0,Chile
1235,COL,2018,170000.0,Colombia
1236,CRI,2018,13000.0,Costa Rica
1237,CIV,2018,400000.0,Côte d'Ivoire
1238,HRV,2018,1600.0,Croatia
1239,CUB,2018,30000.0,Cuba
1240,COD,2018,500000.0,Democratic Republic of the Congo
1241,DNK,2018,6500.0,Denmark
1242,DJI,2018,7300.0,Djibouti
1243,DOM,2018,73000.0,Dominican Republic
1244,ECU,2018,42000.0,Ecuador
1245,EGY,2018,18000.0,Egypt
1246,SLV,2018,25000.0,El Salvador
1247,GNQ,2018,62000.0,Equatorial Guinea
1248,ERI,2018,13000.0,Eritrea
1249,EST,2018,6900.0,Estonia
1250,SWZ,2018,200000.0,Swaziland
1251,ETH,2018,630000.0,Ethiopia
1252,FJI,2018,1100.0,Fiji
1253,GAB,2018,47000.0,Gabon
1254,GMB,2018,26000.0,Gambia
1255,GEO,2018,7300.0,Georgia
1256,DEU,2018,89000.0,Germany
1257,GHA,2018,340000.0,Ghana
1258,GRC,2018,15000.0,Greece
1259,GTM,2018,34000.0,Guatemala
1260,GNB,2018,38000.0,Guinea-Bissau
1261,GUY,2018,8700.0,Guyana
1262,HTI,2018,150000.0,Haiti
1263,HND,2018,22000.0,Honduras
1264,IND,2018,2400000.0,India
1265,IDN,2018,540000.0,Indonesia
1266,IRN,2018,56000.0,"Iran, Islamic Republic of"
1267,IRL,2018,7100.0,Ireland
1268,ITA,2018,130000.0,Italy
1269,JAM,2018,32000.0,Jamaica
1270,JPN,2018,29000.0,Japan
1271,JOR,2018,830.0,Jordan
1272,KAZ,2018,29000.0,Kazakhstan
1273,KEN,2018,1400000.0,Kenya
1274,KGZ,2018,8100.0,Kyrgyzstan
1275,LAO,2018,14000.0,Lao People's Democratic Republic
1276,LBN,2018,2600.0,Lebanon
1277,LSO,2018,290000.0,Lesotho
1278,LBR,2018,35000.0,Liberia
1279,LBY,2018,6200.0,Libyan Arab Jamahiriya
1280,MDG,2018,34000.0,Madagascar
1281,MWI,2018,990000.0,Malawi
1282,MYS,2018,85000.0,Malaysia
1283,MRT,2018,8600.0,Mauritania
1284,MUS,2018,14000.0,Mauritius
1285,MEX,2018,320000.0,Mexico
1286,MNG,2018,600.0,Mongolia
1287,MAR,2018,21000.0,Morocco
1288,MOZ,2018,2000000.0,Mozambique
1289,NAM,2018,210000.0,Namibia
1290,NPL,2018,29000.0,Nepal
1291,NLD,2018,24000.0,Netherlands
1292,NZL,2018,3400.0,New Zealand
1293,NIC,2018,11000.0,Nicaragua
1294,NER,2018,32000.0,Niger
1295,NGA,2018,1700000.0,Nigeria
1296,PAK,2018,170000.0,Pakistan
1297,PAN,2018,29000.0,Panama
1298,PNG,2018,50000.0,Papua New Guinea
1299,PRY,2018,18000.0,Paraguay
1300,PER,2018,83000.0,Peru
1301,PHL,2018,85000.0,Philippines
1302,PRT,2018,41000.0,Portugal
1303,MDA,2018,14000.0,Moldova
1304,ROU,2018,19000.0,Romania
1305,RWA,2018,220000.0,Rwanda
1306,SAU,2018,9900.0,Saudi Arabia
1307,SEN,2018,40000.0,Senegal
1308,SRB,2018,3000.0,Serbia
1309,SLE,2018,77000.0,Sierra Leone
1310,SGP,2018,8000.0,Singapore
1311,SVN,2018,800.0,Slovenia
1312,SOM,2018,9300.0,Somalia
1313,ZAF,2018,7500000.0,South Africa
1314,SSD,2018,170000.0,NF
1315,ESP,2018,150000.0,Spain
1316,LKA,2018,3700.0,Sri Lanka
1317,SDN,2018,46000.0,Sudan
1318,SUR,2018,5200.0,Suriname
1319,CHE,2018,17000.0,Switzerland
1320,SYR,2018,740.0,Syrian Arab Republic
1321,TJK,2018,13000.0,Tajikistan
1322,THA,2018,520000.0,Thailand
1323,TLS,2018,1100.0,Timor-Leste
1324,TTO,2018,11000.0,Trinidad and Tobago
1325,TUN,2018,4000.0,Tunisia
1326,UGA,2018,1400000.0,Uganda
1327,UKR,2018,240000.0,Ukraine
1328,TZA,2018,1700000.0,United Republic of Tanzania
1329,USA,2018,1200000.0,United States of America
1330,URY,2018,11000.0,Uruguay
1331,UZB,2018,53000.0,Uzbekistan
1332,VNM,2018,240000.0,Viet Nam
1333,YEM,2018,9200.0,Yemen
1334,ZMB,2018,1400000.0,Zambia
1335,ZWE,2018,1300000.0,Zimbabwe
1336,AFG,2017,9200.0,Afghanistan
1337,ALB,2017,1300.0,Albania
1338,DZA,2017,14000.0,Algeria
1339,AGO,2017,320000.0,Angola
1340,ARG,2017,130000.0,Argentina
1341,ARM,2017,4200.0,Armenia
1342,AUS,2017,27000.0,Australia
1343,AZE,2017,9400.0,Azerbaijan
1344,BHS,2017,4700.0,Bahamas
1345,BLR,2017,25000.0,Belarus
1346,BLZ,2017,3600.0,Belize
1347,BEN,2017,75000.0,Benin
1348,BOL,2017,15000.0,Bolivia
1349,BWA,2017,370000.0,Botswana
1350,BRA,2017,840000.0,Brazil
1351,BFA,2017,100000.0,Burkina Faso
1352,BDI,2017,85000.0,Burundi
1353,KHM,2017,77000.0,Cambodia
1354,CMR,2017,510000.0,Cameroon
1355,CAN,2017,60000.0,Canada
1356,CPV,2017,2200.0,Cape Verde
1357,CAF,2017,94000.0,Central African Republic
1358,CHL,2017,63000.0,Chile
1359,COL,2017,160000.0,Colombia
1360,COG,2017,100000.0,Congo
1361,CRI,2017,12000.0,Costa Rica
1362,CIV,2017,410000.0,Côte d'Ivoire
1363,HRV,2017,1500.0,Croatia
1364,CUB,2017,29000.0,Cuba
1365,COD,2017,500000.0,Democratic Republic of the Congo
1366,DNK,2017,6500.0,Denmark
1367,DJI,2017,7600.0,Djibouti
1368,DOM,2017,73000.0,Dominican Republic
1369,ECU,2017,40000.0,Ecuador
1370,EGY,2017,16000.0,Egypt
1371,SLV,2017,25000.0,El Salvador
1372,GNQ,2017,58000.0,Equatorial Guinea
1373,ERI,2017,13000.0,Eritrea
1374,EST,2017,6700.0,Estonia
1375,SWZ,2017,200000.0,Swaziland
1376,ETH,2017,640000.0,Ethiopia
1377,FJI,2017,960.0,Fiji
1378,GAB,2017,47000.0,Gabon
1379,GMB,2017,25000.0,Gambia
1380,GEO,2017,6800.0,Georgia
1381,DEU,2017,87000.0,Germany
1382,GHA,2017,340000.0,Ghana
1383,GRC,2017,15000.0,Greece
1384,GTM,2017,34000.0,Guatemala
1385,GNB,2017,38000.0,Guinea-Bissau
1386,GUY,2017,8600.0,Guyana
1387,HTI,2017,150000.0,Haiti
1388,HND,2017,23000.0,Honduras
1389,IND,2017,2400000.0,India
1390,IDN,2017,530000.0,Indonesia
1391,IRN,2017,58000.0,"Iran, Islamic Republic of"
1392,IRL,2017,6800.0,Ireland
1393,ITA,2017,130000.0,Italy
1394,JAM,2017,31000.0,Jamaica
1395,JPN,2017,28000.0,Japan
1396,JOR,2017,780.0,Jordan
1397,KAZ,2017,27000.0,Kazakhstan
1398,KEN,2017,1400000.0,Kenya
1399,KGZ,2017,7500.0,Kyrgyzstan
1400,LAO,2017,14000.0,Lao People's Democratic Republic
1401,LBN,2017,2500.0,Lebanon
1402,LSO,2017,290000.0,Lesotho
1403,LBR,2017,36000.0,Liberia
1404,LBY,2017,6000.0,Libyan Arab Jamahiriya
1405,MDG,2017,31000.0,Madagascar
1406,MWI,2017,990000.0,Malawi
1407,MYS,2017,82000.0,Malaysia
1408,MRT,2017,8800.0,Mauritania
1409,MUS,2017,14000.0,Mauritius
1410,MEX,2017,310000.0,Mexico
1411,MNG,2017,580.0,Mongolia
1412,MAR,2017,21000.0,Morocco
1413,MOZ,2017,1900000.0,Mozambique
1414,NAM,2017,200000.0,Namibia
1415,NPL,2017,29000.0,Nepal
1416,NLD,2017,23000.0,Netherlands
1417,NZL,2017,3300.0,New Zealand
1418,NIC,2017,10000.0,Nicaragua
1419,NER,2017,32000.0,Niger
1420,NGA,2017,1700000.0,Nigeria
1421,PAK,2017,160000.0,Pakistan
1422,PAN,2017,27000.0,Panama
1423,PNG,2017,47000.0,Papua New Guinea
1424,PRY,2017,17000.0,Paraguay
1425,PER,2017,78000.0,Peru
1426,PHL,2017,73000.0,Philippines
1427,PRT,2017,41000.0,Portugal
1428,MDA,2017,14000.0,Moldova
1429,ROU,2017,18000.0,Romania
1430,RWA,2017,220000.0,Rwanda
1431,SAU,2017,9000.0,Saudi Arabia
1432,SEN,2017,41000.0,Senegal
1433,SRB,2017,2900.0,Serbia
1434,SLE,2017,76000.0,Sierra Leone
1435,SGP,2017,7900.0,Singapore
1436,SVN,2017,790.0,Slovenia
1437,SOM,2017,9600.0,Somalia
1438,ZAF,2017,7400000.0,South Africa
1439,SSD,2017,170000.0,NF
1440,ESP,2017,150000.0,Spain
1441,LKA,2017,3800.0,Sri Lanka
1442,SDN,2017,45000.0,Sudan
1443,SUR,2017,5200.0,Suriname
1444,CHE,2017,17000.0,Switzerland
1445,SYR,2017,710.0,Syrian Arab Republic
1446,TJK,2017,12000.0,Tajikistan
1447,THA,2017,530000.0,Thailand
1448,TLS,2017,1000.0,Timor-Leste
1449,TTO,2017,11000.0,Trinidad and Tobago
1450,TUN,2017,3800.0,Tunisia
1451,UGA,2017,1400000.0,Uganda
1452,UKR,2017,240000.0,Ukraine
1453,TZA,2017,1600000.0,United Republic of Tanzania
1454,USA,2017,1100000.0,United States of America
1455,URY,2017,10000.0,Uruguay
1456,UZB,2017,50000.0,Uzbekistan
1457,VNM,2017,240000.0,Viet Nam
1458,YEM,2017,8600.0,Yemen
1459,ZMB,2017,1300000.0,Zambia
1460,ZWE,2017,1300000.0,Zimbabwe
1461,AFG,2016,8400.0,Afghanistan
1462,ALB,2016,1200.0,Albania
1463,DZA,2016,12000.0,Algeria
1464,AGO,2016,320000.0,Angola
1465,ARG,2016,120000.0,Argentina
1466,ARM,2016,4100.0,Armenia
1467,AUS,2016,26000.0,Australia
1468,AZE,2016,9300.0,Azerbaijan
1469,BHS,2016,4800.0,Bahamas
1470,BLR,2016,24000.0,Belarus
1471,BLZ,2016,3500.0,Belize
1472,BEN,2016,75000.0,Benin
1473,BOL,2016,15000.0,Bolivia
1474,BWA,2016,360000.0,Botswana
1475,BRA,2016,810000.0,Brazil
1476,BDI,2016,86000.0,Burundi
1477,KHM,2016,78000.0,Cambodia
1478,CMR,2016,510000.0,Cameroon
1479,CAN,2016,58000.0,Canada
1480,CPV,2016,2200.0,Cape Verde
1481,CAF,2016,96000.0,Central African Republic
1482,CHL,2016,58000.0,Chile
1483,COL,2016,160000.0,Colombia
1484,COG,2016,100000.0,Congo
1485,CRI,2016,11000.0,Costa Rica
1486,CIV,2016,420000.0,Côte d'Ivoire
1487,HRV,2016,1500.0,Croatia
1488,CUB,2016,27000.0,Cuba
1489,COD,2016,500000.0,Democratic Republic of the Congo
1490,DNK,2016,6400.0,Denmark
1491,DJI,2016,8000.0,Djibouti
1492,DOM,2016,72000.0,Dominican Republic
1493,ECU,2016,39000.0,Ecuador
1494,EGY,2016,14000.0,Egypt
1495,SLV,2016,25000.0,El Salvador
1496,GNQ,2016,55000.0,Equatorial Guinea
1497,ERI,2016,14000.0,Eritrea
1498,EST,2016,6600.0,Estonia
1499,SWZ,2016,200000.0,Swaziland
1500,ETH,2016,640000.0,Ethiopia
1501,FJI,2016,880.0,Fiji
1502,GAB,2016,47000.0,Gabon
1503,GMB,2016,25000.0,Gambia
1504,GEO,2016,6200.0,Georgia
1505,DEU,2016,84000.0,Germany
1506,GHA,2016,330000.0,Ghana
1507,GRC,2016,14000.0,Greece
1508,GTM,2016,34000.0,Guatemala
1509,GNB,2016,38000.0,Guinea-Bissau
1510,GUY,2016,8400.0,Guyana
1511,HTI,2016,150000.0,Haiti
1512,HND,2016,23000.0,Honduras
1513,IND,2016,2400000.0,India
1514,IDN,2016,520000.0,Indonesia
1515,IRN,2016,60000.0,"Iran, Islamic Republic of"
1516,IRL,2016,6400.0,Ireland
1517,ITA,2016,130000.0,Italy
1518,JAM,2016,31000.0,Jamaica
1519,JPN,2016,28000.0,Japan
1520,JOR,2016,730.0,Jordan
1521,KAZ,2016,24000.0,Kazakhstan
1522,KEN,2016,1400000.0,Kenya
1523,KGZ,2016,7000.0,Kyrgyzstan
1524,LAO,2016,13000.0,Lao People's Democratic Republic
1525,LBN,2016,2400.0,Lebanon
1526,LSO,2016,290000.0,Lesotho
1527,LBR,2016,36000.0,Liberia
1528,LBY,2016,5800.0,Libyan Arab Jamahiriya
1529,MDG,2016,28000.0,Madagascar
1530,MWI,2016,980000.0,Malawi
1531,MYS,2016,80000.0,Malaysia
1532,MRT,2016,8900.0,Mauritania
1533,MUS,2016,14000.0,Mauritius
1534,MEX,2016,300000.0,Mexico
1535,MAR,2016,21000.0,Morocco
1536,MOZ,2016,1900000.0,Mozambique
1537,NAM,2016,200000.0,Namibia
1538,NPL,2016,29000.0,Nepal
1539,NLD,2016,23000.0,Netherlands
1540,NZL,2016,3200.0,New Zealand
1541,NIC,2016,9800.0,Nicaragua
1542,NER,2016,32000.0,Niger
1543,NGA,2016,1600000.0,Nigeria
1544,PAK,2016,140000.0,Pakistan
1545,PAN,2016,26000.0,Panama
1546,PNG,2016,45000.0,Papua New Guinea
1547,PRY,2016,17000.0,Paraguay
1548,PER,2016,74000.0,Peru
1549,PHL,2016,61000.0,Philippines
1550,PRT,2016,41000.0,Portugal
1551,MDA,2016,14000.0,Moldova
1552,ROU,2016,18000.0,Romania
1553,RWA,2016,220000.0,Rwanda
1554,SAU,2016,8200.0,Saudi Arabia
1555,SEN,2016,41000.0,Senegal
1556,SRB,2016,2700.0,Serbia
1557,SLE,2016,75000.0,Sierra Leone
1558,SGP,2016,7700.0,Singapore
1559,SVN,2016,780.0,Slovenia
1560,SOM,2016,10000.0,Somalia
1561,ZAF,2016,7200000.0,South Africa
1562,SSD,2016,160000.0,NF
1563,ESP,2016,140000.0,Spain
1564,LKA,2016,3800.0,Sri Lanka
1565,SDN,2016,45000.0,Sudan
1566,SUR,2016,5100.0,Suriname
1567,CHE,2016,17000.0,Switzerland
1568,SYR,2016,690.0,Syrian Arab Republic
1569,TJK,2016,12000.0,Tajikistan
1570,THA,2016,540000.0,Thailand
1571,TLS,2016,910.0,Timor-Leste
1572,TTO,2016,11000.0,Trinidad and Tobago
1573,TUN,2016,3600.0,Tunisia
1574,UGA,2016,1300000.0,Uganda
1575,UKR,2016,230000.0,Ukraine
1576,TZA,2016,1600000.0,United Republic of Tanzania
1577,USA,2016,1100000.0,United States of America
1578,URY,2016,9800.0,Uruguay
1579,UZB,2016,47000.0,Uzbekistan
1580,VEN,2016,120000.0,Venezuela (Bolivarian Republic of)
1581,VNM,2016,240000.0,Viet Nam
1582,YEM,2016,8000.0,Yemen
1583,ZMB,2016,1300000.0,Zambia
1584,ZWE,2016,1300000.0,Zimbabwe
1585,AFG,2015,7600.0,Afghanistan
1586,ALB,2015,1100.0,Albania
1587,DZA,2015,11000.0,Algeria
1588,AGO,2015,310000.0,Angola
1589,ARG,2015,120000.0,Argentina
1590,ARM,2015,4000.0,Armenia
1591,AUS,2015,26000.0,Australia
1592,AZE,2015,9100.0,Azerbaijan
1593,BHS,2015,4800.0,Bahamas
1594,BLR,2015,23000.0,Belarus
1595,BLZ,2015,3400.0,Belize
1596,BEN,2015,75000.0,Benin
1597,BOL,2015,14000.0,Bolivia
1598,BWA,2015,360000.0,Botswana
1599,BRA,2015,790000.0,Brazil
1600,BDI,2015,87000.0,Burundi
1601,KHM,2015,79000.0,Cambodia
1602,CMR,2015,520000.0,Cameroon
1603,CAN,2015,57000.0,Canada
1604,CPV,2015,2100.0,Cape Verde
1605,CAF,2015,100000.0,Central African Republic
1606,CHL,2015,54000.0,Chile
1607,COL,2015,150000.0,Colombia
1608,COG,2015,98000.0,Congo
1609,CRI,2015,10000.0,Costa Rica
1610,CIV,2015,430000.0,Côte d'Ivoire
1611,HRV,2015,1400.0,Croatia
1612,CUB,2015,26000.0,Cuba
1613,COD,2015,510000.0,Democratic Republic of the Congo
1614,DNK,2015,6200.0,Denmark
1615,DJI,2015,8300.0,Djibouti
1616,DOM,2015,72000.0,Dominican Republic
1617,ECU,2015,37000.0,Ecuador
1618,EGY,2015,12000.0,Egypt
1619,SLV,2015,24000.0,El Salvador
1620,GNQ,2015,52000.0,Equatorial Guinea
1621,ERI,2015,14000.0,Eritrea
1622,EST,2015,6500.0,Estonia
1623,SWZ,2015,200000.0,Swaziland
1624,ETH,2015,640000.0,Ethiopia
1625,FJI,2015,800.0,Fiji
1626,GAB,2015,47000.0,Gabon
1627,GMB,2015,24000.0,Gambia
1628,GEO,2015,5700.0,Georgia
1629,DEU,2015,82000.0,Germany
1630,GHA,2015,330000.0,Ghana
1631,GRC,2015,14000.0,Greece
1632,GTM,2015,35000.0,Guatemala
1633,GIN,2015,100000.0,Guinea
1634,GNB,2015,38000.0,Guinea-Bissau
1635,GUY,2015,8200.0,Guyana
1636,HTI,2015,150000.0,Haiti
1637,HND,2015,23000.0,Honduras
1638,IND,2015,2400000.0,India
1639,IDN,2015,510000.0,Indonesia
1640,IRN,2015,62000.0,"Iran, Islamic Republic of"
1641,IRL,2015,6100.0,Ireland
1642,ITA,2015,130000.0,Italy
1643,JAM,2015,30000.0,Jamaica
1644,JPN,2015,27000.0,Japan
1645,JOR,2015,680.0,Jordan
1646,KAZ,2015,22000.0,Kazakhstan
1647,KEN,2015,1400000.0,Kenya
1648,KGZ,2015,6400.0,Kyrgyzstan
1649,LAO,2015,12000.0,Lao People's Democratic Republic
1650,LBN,2015,2200.0,Lebanon
1651,LSO,2015,290000.0,Lesotho
1652,LBR,2015,37000.0,Liberia
1653,LBY,2015,5700.0,Libyan Arab Jamahiriya
1654,MDG,2015,24000.0,Madagascar
1655,MWI,2015,970000.0,Malawi
1656,MYS,2015,78000.0,Malaysia
1657,MRT,2015,9000.0,Mauritania
1658,MUS,2015,14000.0,Mauritius
1659,MEX,2015,280000.0,Mexico
1660,MAR,2015,20000.0,Morocco
1661,MOZ,2015,1800000.0,Mozambique
1662,NAM,2015,200000.0,Namibia
1663,NPL,2015,29000.0,Nepal
1664,NLD,2015,23000.0,Netherlands
1665,NZL,2015,3000.0,New Zealand
1666,NIC,2015,9400.0,Nicaragua
1667,NER,2015,33000.0,Niger
1668,NGA,2015,1600000.0,Nigeria
1669,PAK,2015,130000.0,Pakistan
1670,PAN,2015,25000.0,Panama
1671,PNG,2015,42000.0,Papua New Guinea
1672,PRY,2015,17000.0,Paraguay
1673,PER,2015,70000.0,Peru
1674,PHL,2015,51000.0,Philippines
1675,PRT,2015,40000.0,Portugal
1676,MDA,2015,14000.0,Moldova
1677,ROU,2015,17000.0,Romania
1678,RWA,2015,220000.0,Rwanda
1679,SAU,2015,7500.0,Saudi Arabia
1680,SEN,2015,42000.0,Senegal
1681,SRB,2015,2600.0,Serbia
1682,SLE,2015,73000.0,Sierra Leone
1683,SGP,2015,7600.0,Singapore
1684,SOM,2015,11000.0,Somalia
1685,ZAF,2015,7000000.0,South Africa
1686,SSD,2015,160000.0,NF
1687,ESP,2015,140000.0,Spain
1688,LKA,2015,3800.0,Sri Lanka
1689,SDN,2015,44000.0,Sudan
1690,SUR,2015,5100.0,Suriname
1691,CHE,2015,17000.0,Switzerland
1692,SYR,2015,660.0,Syrian Arab Republic
1693,TJK,2015,11000.0,Tajikistan
1694,THA,2015,550000.0,Thailand
1695,TLS,2015,830.0,Timor-Leste
1696,TTO,2015,11000.0,Trinidad and Tobago
1697,TUN,2015,3400.0,Tunisia
1698,UGA,2015,1300000.0,Uganda
1699,UKR,2015,230000.0,Ukraine
1700,TZA,2015,1600000.0,United Republic of Tanzania
1701,USA,2015,1100000.0,United States of America
1702,URY,2015,9400.0,Uruguay
1703,UZB,2015,43000.0,Uzbekistan
1704,VEN,2015,120000.0,Venezuela (Bolivarian Republic of)
1705,VNM,2015,240000.0,Viet Nam
1706,YEM,2015,7400.0,Yemen
1707,ZMB,2015,1300000.0,Zambia
1708,ZWE,2015,1300000.0,Zimbabwe
1709,AFG,2014,6900.0,Afghanistan
1710,ALB,2014,1000.0,Albania
1711,DZA,2014,9400.0,Algeria
1712,AGO,2014,300000.0,Angola
1713,ARG,2014,120000.0,Argentina
1714,ARM,2014,3900.0,Armenia
1715,AUS,2014,25000.0,Australia
1716,AZE,2014,9100.0,Azerbaijan
1717,BHS,2014,4800.0,Bahamas
1718,BLR,2014,21000.0,Belarus
1719,BLZ,2014,3300.0,Belize
1720,BEN,2014,74000.0,Benin
1721,BOL,2014,13000.0,Bolivia
1722,BWA,2014,350000.0,Botswana
1723,BRA,2014,760000.0,Brazil
1724,BDI,2014,88000.0,Burundi
1725,KHM,2014,80000.0,Cambodia
1726,CMR,2014,520000.0,Cameroon
1727,CAN,2014,55000.0,Canada
1728,CPV,2014,2100.0,Cape Verde
1729,CAF,2014,100000.0,Central African Republic
1730,CHL,2014,49000.0,Chile
1731,COL,2014,140000.0,Colombia
1732,COG,2014,95000.0,Congo
1733,CRI,2014,9200.0,Costa Rica
1734,CIV,2014,440000.0,Côte d'Ivoire
1735,HRV,2014,1300.0,Croatia
1736,CUB,2014,24000.0,Cuba
1737,COD,2014,510000.0,Democratic Republic of the Congo
1738,DNK,2014,6100.0,Denmark
1739,DJI,2014,8800.0,Djibouti
1740,DOM,2014,72000.0,Dominican Republic
1741,ECU,2014,36000.0,Ecuador
1742,EGY,2014,10000.0,Egypt
1743,SLV,2014,24000.0,El Salvador
1744,GNQ,2014,48000.0,Equatorial Guinea
1745,ERI,2014,14000.0,Eritrea
1746,EST,2014,6300.0,Estonia
1747,SWZ,2014,190000.0,Swaziland
1748,ETH,2014,640000.0,Ethiopia
1749,FJI,2014,720.0,Fiji
1750,GAB,2014,47000.0,Gabon
1751,GMB,2014,24000.0,Gambia
1752,GEO,2014,5200.0,Georgia
1753,DEU,2014,80000.0,Germany
1754,GHA,2014,320000.0,Ghana
1755,GRC,2014,14000.0,Greece
1756,GTM,2014,35000.0,Guatemala
1757,GIN,2014,100000.0,Guinea
1758,GNB,2014,38000.0,Guinea-Bissau
1759,GUY,2014,8000.0,Guyana
1760,HTI,2014,140000.0,Haiti
1761,HND,2014,23000.0,Honduras
1762,IND,2014,2500000.0,India
1763,IDN,2014,500000.0,Indonesia
1764,IRN,2014,64000.0,"Iran, Islamic Republic of"
1765,IRL,2014,5800.0,Ireland
1766,ITA,2014,120000.0,Italy
1767,JAM,2014,30000.0,Jamaica
1768,JPN,2014,26000.0,Japan
1769,JOR,2014,640.0,Jordan
1770,KAZ,2014,20000.0,Kazakhstan
1771,KEN,2014,1400000.0,Kenya
1772,KGZ,2014,5900.0,Kyrgyzstan
1773,LAO,2014,12000.0,Lao People's Democratic Republic
1774,LBN,2014,2100.0,Lebanon
1775,LSO,2014,290000.0,Lesotho
1776,LBR,2014,38000.0,Liberia
1777,LBY,2014,5600.0,Libyan Arab Jamahiriya
1778,MDG,2014,21000.0,Madagascar
1779,MWI,2014,960000.0,Malawi
1780,MYS,2014,77000.0,Malaysia
1781,MRT,2014,9200.0,Mauritania
1782,MUS,2014,13000.0,Mauritius
1783,MEX,2014,270000.0,Mexico
1784,MAR,2014,20000.0,Morocco
1785,MOZ,2014,1700000.0,Mozambique
1786,NAM,2014,200000.0,Namibia
1787,NPL,2014,29000.0,Nepal
1788,NLD,2014,22000.0,Netherlands
1789,NZL,2014,2900.0,New Zealand
1790,NIC,2014,9000.0,Nicaragua
1791,NER,2014,34000.0,Niger
1792,NGA,2014,1500000.0,Nigeria
1793,PAN,2014,24000.0,Panama
1794,PNG,2014,40000.0,Papua New Guinea
1795,PRY,2014,16000.0,Paraguay
1796,PER,2014,67000.0,Peru
1797,PHL,2014,42000.0,Philippines
1798,PRT,2014,40000.0,Portugal
1799,MDA,2014,14000.0,Moldova
1800,ROU,2014,17000.0,Romania
1801,RWA,2014,220000.0,Rwanda
1802,SAU,2014,6800.0,Saudi Arabia
1803,SEN,2014,43000.0,Senegal
1804,SRB,2014,2400.0,Serbia
1805,SLE,2014,72000.0,Sierra Leone
1806,SGP,2014,7400.0,Singapore
1807,SOM,2014,11000.0,Somalia
1808,ZAF,2014,6800000.0,South Africa
1809,SSD,2014,160000.0,NF
1810,ESP,2014,140000.0,Spain
1811,LKA,2014,3800.0,Sri Lanka
1812,SDN,2014,44000.0,Sudan
1813,SUR,2014,5000.0,Suriname
1814,CHE,2014,16000.0,Switzerland
1815,SYR,2014,640.0,Syrian Arab Republic
1816,TJK,2014,9900.0,Tajikistan
1817,THA,2014,560000.0,Thailand
1818,TLS,2014,750.0,Timor-Leste
1819,TTO,2014,11000.0,Trinidad and Tobago
1820,TUN,2014,3300.0,Tunisia
1821,UGA,2014,1300000.0,Uganda
1822,UKR,2014,230000.0,Ukraine
1823,ARE,2014,500.0,United Arab Emirates
1824,TZA,2014,1500000.0,United Republic of Tanzania
1825,USA,2014,1100000.0,United States of America
1826,URY,2014,9000.0,Uruguay
1827,UZB,2014,40000.0,Uzbekistan
1828,VEN,2014,120000.0,Venezuela (Bolivarian Republic of)
1829,VNM,2014,230000.0,Viet Nam
1830,YEM,2014,6900.0,Yemen
1831,ZMB,2014,1200000.0,Zambia
1832,ZWE,2014,1300000.0,Zimbabwe
1833,AFG,2013,6300.0,Afghanistan
1834,ALB,2013,910.0,Albania
1835,DZA,2013,8200.0,Algeria
1836,AGO,2013,290000.0,Angola
1837,ARM,2013,3900.0,Armenia
1838,AUS,2013,24000.0,Australia
1839,AZE,2013,8900.0,Azerbaijan
1840,BHS,2013,4800.0,Bahamas
1841,BLR,2013,19000.0,Belarus
1842,BLZ,2013,3200.0,Belize
1843,BEN,2013,73000.0,Benin
1844,BOL,2013,13000.0,Bolivia
1845,BWA,2013,350000.0,Botswana
1846,BRA,2013,730000.0,Brazil
1847,BFA,2013,120000.0,Burkina Faso
1848,BDI,2013,90000.0,Burundi
1849,KHM,2013,80000.0,Cambodia
1850,CMR,2013,520000.0,Cameroon
1851,CAN,2013,54000.0,Canada
1852,CPV,2013,2000.0,Cape Verde
1853,CHL,2013,46000.0,Chile
1854,COL,2013,140000.0,Colombia
1855,COG,2013,93000.0,Congo
1856,CRI,2013,8600.0,Costa Rica
1857,CIV,2013,460000.0,Côte d'Ivoire
1858,HRV,2013,1300.0,Croatia
1859,CUB,2013,23000.0,Cuba
1860,COD,2013,520000.0,Democratic Republic of the Congo
1861,DNK,2013,6000.0,Denmark
1862,DJI,2013,9300.0,Djibouti
1863,DOM,2013,72000.0,Dominican Republic
1864,ECU,2013,35000.0,Ecuador
1865,EGY,2013,8600.0,Egypt
1866,SLV,2013,23000.0,El Salvador
1867,GNQ,2013,45000.0,Equatorial Guinea
1868,ERI,2013,15000.0,Eritrea
1869,EST,2013,6200.0,Estonia
1870,SWZ,2013,190000.0,Swaziland
1871,ETH,2013,640000.0,Ethiopia
1872,GAB,2013,47000.0,Gabon
1873,GMB,2013,23000.0,Gambia
1874,GEO,2013,4600.0,Georgia
1875,DEU,2013,77000.0,Germany
1876,GHA,2013,320000.0,Ghana
1877,GRC,2013,13000.0,Greece
1878,GTM,2013,35000.0,Guatemala
1879,GIN,2013,99000.0,Guinea
1880,GNB,2013,38000.0,Guinea-Bissau
1881,GUY,2013,7800.0,Guyana
1882,HTI,2013,140000.0,Haiti
1883,HND,2013,24000.0,Honduras
1884,IND,2013,2500000.0,India
1885,IDN,2013,480000.0,Indonesia
1886,IRN,2013,66000.0,"Iran, Islamic Republic of"
1887,IRL,2013,5500.0,Ireland
1888,ITA,2013,120000.0,Italy
1889,JAM,2013,29000.0,Jamaica
1890,JPN,2013,25000.0,Japan
1891,JOR,2013,590.0,Jordan
1892,KAZ,2013,18000.0,Kazakhstan
1893,KEN,2013,1400000.0,Kenya
1894,KGZ,2013,5300.0,Kyrgyzstan
1895,LAO,2013,11000.0,Lao People's Democratic Republic
1896,LBN,2013,1900.0,Lebanon
1897,LSO,2013,290000.0,Lesotho
1898,LBR,2013,38000.0,Liberia
1899,LBY,2013,5600.0,Libyan Arab Jamahiriya
1900,MDG,2013,18000.0,Madagascar
1901,MWI,2013,950000.0,Malawi
1902,MYS,2013,76000.0,Malaysia
1903,MLI,2013,120000.0,Mali
1904,MRT,2013,9300.0,Mauritania
1905,MUS,2013,13000.0,Mauritius
1906,MEX,2013,260000.0,Mexico
1907,MAR,2013,20000.0,Morocco
1908,MOZ,2013,1700000.0,Mozambique
1909,NAM,2013,190000.0,Namibia
1910,NPL,2013,29000.0,Nepal
1911,NLD,2013,22000.0,Netherlands
1912,NZL,2013,2800.0,New Zealand
1913,NIC,2013,8600.0,Nicaragua
1914,NER,2013,34000.0,Niger
1915,NGA,2013,1500000.0,Nigeria
1916,PAK,2013,100000.0,Pakistan
1917,PAN,2013,22000.0,Panama
1918,PNG,2013,38000.0,Papua New Guinea
1919,PRY,2013,16000.0,Paraguay
1920,PER,2013,64000.0,Peru
1921,PHL,2013,34000.0,Philippines
1922,PRT,2013,40000.0,Portugal
1923,MDA,2013,14000.0,Moldova
1924,ROU,2013,16000.0,Romania
1925,RWA,2013,220000.0,Rwanda
1926,STP,2013,620.0,Sao Tome and Principe
1927,SAU,2013,6200.0,Saudi Arabia
1928,SEN,2013,44000.0,Senegal
1929,SRB,2013,2200.0,Serbia
1930,SLE,2013,71000.0,Sierra Leone
1931,SGP,2013,7100.0,Singapore
1932,SOM,2013,12000.0,Somalia
1933,ZAF,2013,6600000.0,South Africa
1934,SSD,2013,150000.0,NF
1935,ESP,2013,140000.0,Spain
1936,LKA,2013,3900.0,Sri Lanka
1937,SDN,2013,43000.0,Sudan
1938,SUR,2013,4900.0,Suriname
1939,CHE,2013,16000.0,Switzerland
1940,SYR,2013,610.0,Syrian Arab Republic
1941,TJK,2013,8900.0,Tajikistan
1942,THA,2013,580000.0,Thailand
1943,TLS,2013,670.0,Timor-Leste
1944,TTO,2013,12000.0,Trinidad and Tobago
1945,TUN,2013,3100.0,Tunisia
1946,UGA,2013,1200000.0,Uganda
1947,UKR,2013,220000.0,Ukraine
1948,ARE,2013,500.0,United Arab Emirates
1949,TZA,2013,1500000.0,United Republic of Tanzania
1950,USA,2013,1000000.0,United States of America
1951,URY,2013,8600.0,Uruguay
1952,UZB,2013,36000.0,Uzbekistan
1953,VEN,2013,120000.0,Venezuela (Bolivarian Republic of)
1954,VNM,2013,230000.0,Viet Nam
1955,YEM,2013,6400.0,Yemen
1956,ZMB,2013,1200000.0,Zambia
1957,ZWE,2013,1200000.0,Zimbabwe
1958,AFG,2012,5600.0,Afghanistan
1959,ALB,2012,810.0,Albania
1960,DZA,2012,7300.0,Algeria
1961,AGO,2012,270000.0,Angola
1962,ARM,2012,3900.0,Armenia
1963,AUS,2012,23000.0,Australia
1964,AZE,2012,8800.0,Azerbaijan
1965,BHS,2012,4800.0,Bahamas
1966,BLR,2012,18000.0,Belarus
1967,BLZ,2012,3100.0,Belize
1968,BEN,2012,71000.0,Benin
1969,BOL,2012,12000.0,Bolivia
1970,BWA,2012,340000.0,Botswana
1971,BRA,2012,700000.0,Brazil
1972,BFA,2012,120000.0,Burkina Faso
1973,BDI,2012,91000.0,Burundi
1974,KHM,2012,81000.0,Cambodia
1975,CMR,2012,520000.0,Cameroon
1976,CAN,2012,53000.0,Canada
1977,CPV,2012,2000.0,Cape Verde
1978,CHL,2012,42000.0,Chile
1979,COL,2012,130000.0,Colombia
1980,COG,2012,92000.0,Congo
1981,CRI,2012,8000.0,Costa Rica
1982,CIV,2012,470000.0,Côte d'Ivoire
1983,HRV,2012,1200.0,Croatia
1984,CUB,2012,21000.0,Cuba
1985,COD,2012,530000.0,Democratic Republic of the Congo
1986,DNK,2012,5800.0,Denmark
1987,DJI,2012,9800.0,Djibouti
1988,DOM,2012,73000.0,Dominican Republic
1989,ECU,2012,34000.0,Ecuador
1990,EGY,2012,7400.0,Egypt
1991,SLV,2012,22000.0,El Salvador
1992,GNQ,2012,41000.0,Equatorial Guinea
1993,ERI,2012,15000.0,Eritrea
1994,EST,2012,6000.0,Estonia
1995,SWZ,2012,180000.0,Swaziland
1996,ETH,2012,650000.0,Ethiopia
1997,GAB,2012,46000.0,Gabon
1998,GMB,2012,22000.0,Gambia
1999,GEO,2012,4100.0,Georgia
2000,DEU,2012,75000.0,Germany
2001,GHA,2012,320000.0,Ghana
2002,GRC,2012,12000.0,Greece
2003,GTM,2012,35000.0,Guatemala
2004,GIN,2012,97000.0,Guinea
2005,GNB,2012,37000.0,Guinea-Bissau
2006,GUY,2012,7600.0,Guyana
2007,HTI,2012,140000.0,Haiti
2008,HND,2012,24000.0,Honduras
2009,IND,2012,2600000.0,India
2010,IDN,2012,450000.0,Indonesia
2011,IRN,2012,68000.0,"Iran, Islamic Republic of"
2012,IRL,2012,5200.0,Ireland
2013,ITA,2012,120000.0,Italy
2014,JAM,2012,28000.0,Jamaica
2015,JPN,2012,24000.0,Japan
2016,KAZ,2012,17000.0,Kazakhstan
2017,KEN,2012,1400000.0,Kenya
2018,KGZ,2012,4800.0,Kyrgyzstan
2019,LAO,2012,10000.0,Lao People's Democratic Republic
2020,LBN,2012,1700.0,Lebanon
2021,LSO,2012,290000.0,Lesotho
2022,LBR,2012,39000.0,Liberia
2023,LBY,2012,5600.0,Libyan Arab Jamahiriya
2024,MDG,2012,16000.0,Madagascar
2025,MWI,2012,940000.0,Malawi
2026,MYS,2012,75000.0,Malaysia
2027,MLI,2012,120000.0,Mali
2028,MRT,2012,9500.0,Mauritania
2029,MUS,2012,13000.0,Mauritius
2030,MEX,2012,250000.0,Mexico
2031,MAR,2012,19000.0,Morocco
2032,MOZ,2012,1600000.0,Mozambique
2033,NAM,2012,190000.0,Namibia
2034,NPL,2012,30000.0,Nepal
2035,NLD,2012,21000.0,Netherlands
2036,NZL,2012,2700.0,New Zealand
2037,NIC,2012,8200.0,Nicaragua
2038,NER,2012,35000.0,Niger
2039,NGA,2012,1500000.0,Nigeria
2040,PAK,2012,90000.0,Pakistan
2041,PAN,2012,21000.0,Panama
2042,PNG,2012,36000.0,Papua New Guinea
2043,PRY,2012,16000.0,Paraguay
2044,PER,2012,62000.0,Peru
2045,PHL,2012,27000.0,Philippines
2046,PRT,2012,39000.0,Portugal
2047,MDA,2012,14000.0,Moldova
2048,ROU,2012,16000.0,Romania
2049,RWA,2012,220000.0,Rwanda
2050,STP,2012,650.0,Sao Tome and Principe
2051,SAU,2012,5700.0,Saudi Arabia
2052,SEN,2012,45000.0,Senegal
2053,SRB,2012,2100.0,Serbia
2054,SLE,2012,69000.0,Sierra Leone
2055,SGP,2012,6800.0,Singapore
2056,SOM,2012,12000.0,Somalia
2057,ZAF,2012,6300000.0,South Africa
2058,SSD,2012,150000.0,NF
2059,ESP,2012,130000.0,Spain
2060,LKA,2012,3900.0,Sri Lanka
2061,SDN,2012,43000.0,Sudan
2062,SUR,2012,4900.0,Suriname
2063,CHE,2012,16000.0,Switzerland
2064,TJK,2012,7700.0,Tajikistan
2065,THA,2012,590000.0,Thailand
2066,TTO,2012,12000.0,Trinidad and Tobago
2067,TUN,2012,3000.0,Tunisia
2068,UGA,2012,1200000.0,Uganda
2069,UKR,2012,220000.0,Ukraine
2070,ARE,2012,200.0,United Arab Emirates
2071,TZA,2012,1400000.0,United Republic of Tanzania
2072,USA,2012,1000000.0,United States of America
2073,URY,2012,8300.0,Uruguay
2074,UZB,2012,33000.0,Uzbekistan
2075,VEN,2012,120000.0,Venezuela (Bolivarian Republic of)
2076,VNM,2012,220000.0,Viet Nam
2077,YEM,2012,5900.0,Yemen
2078,ZMB,2012,1100000.0,Zambia
2079,ZWE,2012,1200000.0,Zimbabwe
2080,AFG,2011,5100.0,Afghanistan
2081,ALB,2011,720.0,Albania
2082,DZA,2011,6500.0,Algeria
2083,AGO,2011,260000.0,Angola
2084,ARG,2011,100000.0,Argentina
2085,ARM,2011,3900.0,Armenia
2086,AUS,2011,22000.0,Australia
2087,AZE,2011,8700.0,Azerbaijan
2088,BHS,2011,4700.0,Bahamas
2089,BLR,2011,16000.0,Belarus
2090,BLZ,2011,3000.0,Belize
2091,BEN,2011,70000.0,Benin
2092,BOL,2011,12000.0,Bolivia
2093,BWA,2011,340000.0,Botswana
2094,BRA,2011,670000.0,Brazil
2095,BFA,2011,120000.0,Burkina Faso
2096,BDI,2011,93000.0,Burundi
2097,KHM,2011,81000.0,Cambodia
2098,CMR,2011,520000.0,Cameroon
2099,CAN,2011,52000.0,Canada
2100,CPV,2011,1900.0,Cape Verde
2101,CAF,2011,120000.0,Central African Republic
2102,CHL,2011,39000.0,Chile
2103,COL,2011,130000.0,Colombia
2104,COG,2011,90000.0,Congo
2105,CRI,2011,7500.0,Costa Rica
2106,CIV,2011,480000.0,Côte d'Ivoire
2107,HRV,2011,1100.0,Croatia
2108,CUB,2011,19000.0,Cuba
2109,COD,2011,530000.0,Democratic Republic of the Congo
2110,DNK,2011,5600.0,Denmark
2111,DJI,2011,10000.0,Djibouti
2112,DOM,2011,73000.0,Dominican Republic
2113,ECU,2011,32000.0,Ecuador
2114,EGY,2011,6300.0,Egypt
2115,SLV,2011,22000.0,El Salvador
2116,GNQ,2011,38000.0,Equatorial Guinea
2117,ERI,2011,16000.0,Eritrea
2118,EST,2011,5800.0,Estonia
2119,SWZ,2011,180000.0,Swaziland
2120,ETH,2011,650000.0,Ethiopia
2121,GAB,2011,46000.0,Gabon
2122,GMB,2011,22000.0,Gambia
2123,GEO,2011,3600.0,Georgia
2124,DEU,2011,72000.0,Germany
2125,GHA,2011,310000.0,Ghana
2126,GRC,2011,12000.0,Greece
2127,GTM,2011,35000.0,Guatemala
2128,GIN,2011,95000.0,Guinea
2129,GNB,2011,37000.0,Guinea-Bissau
2130,GUY,2011,7300.0,Guyana
2131,HTI,2011,140000.0,Haiti
2132,HND,2011,24000.0,Honduras
2133,ISL,2011,500.0,Iceland
2134,IND,2011,2700000.0,India
2135,IDN,2011,430000.0,Indonesia
2136,IRN,2011,69000.0,"Iran, Islamic Republic of"
2137,IRL,2011,4900.0,Ireland
2138,JAM,2011,28000.0,Jamaica
2139,JPN,2011,23000.0,Japan
2140,KAZ,2011,16000.0,Kazakhstan
2141,KEN,2011,1400000.0,Kenya
2142,KGZ,2011,4300.0,Kyrgyzstan
2143,LAO,2011,9800.0,Lao People's Democratic Republic
2144,LBN,2011,1500.0,Lebanon
2145,LSO,2011,280000.0,Lesotho
2146,LBR,2011,39000.0,Liberia
2147,LBY,2011,5600.0,Libyan Arab Jamahiriya
2148,MDG,2011,13000.0,Madagascar
2149,MWI,2011,930000.0,Malawi
2150,MYS,2011,74000.0,Malaysia
2151,MLI,2011,120000.0,Mali
2152,MRT,2011,9600.0,Mauritania
2153,MUS,2011,13000.0,Mauritius
2154,MEX,2011,240000.0,Mexico
2155,MAR,2011,19000.0,Morocco
2156,MOZ,2011,1600000.0,Mozambique
2157,NAM,2011,190000.0,Namibia
2158,NPL,2011,31000.0,Nepal
2159,NLD,2011,20000.0,Netherlands
2160,NZL,2011,2500.0,New Zealand
2161,NIC,2011,7800.0,Nicaragua
2162,NER,2011,36000.0,Niger
2163,NGA,2011,1400000.0,Nigeria
2164,PAK,2011,79000.0,Pakistan
2165,PAN,2011,20000.0,Panama
2166,PNG,2011,34000.0,Papua New Guinea
2167,PRY,2011,16000.0,Paraguay
2168,PER,2011,60000.0,Peru
2169,PHL,2011,21000.0,Philippines
2170,PRT,2011,39000.0,Portugal
2171,MDA,2011,14000.0,Moldova
2172,ROU,2011,16000.0,Romania
2173,RWA,2011,210000.0,Rwanda
2174,STP,2011,670.0,Sao Tome and Principe
2175,SAU,2011,5200.0,Saudi Arabia
2176,SEN,2011,46000.0,Senegal
2177,SRB,2011,1900.0,Serbia
2178,SLE,2011,68000.0,Sierra Leone
2179,SGP,2011,6500.0,Singapore
2180,SOM,2011,13000.0,Somalia
2181,ZAF,2011,6100000.0,South Africa
2182,SSD,2011,150000.0,NF
2183,ESP,2011,130000.0,Spain
2184,LKA,2011,3900.0,Sri Lanka
2185,SDN,2011,42000.0,Sudan
2186,SUR,2011,4800.0,Suriname
2187,CHE,2011,15000.0,Switzerland
2188,TJK,2011,6500.0,Tajikistan
2189,THA,2011,610000.0,Thailand
2190,TTO,2011,12000.0,Trinidad and Tobago
2191,TUN,2011,2800.0,Tunisia
2192,UGA,2011,1200000.0,Uganda
2193,UKR,2011,220000.0,Ukraine
2194,TZA,2011,1400000.0,United Republic of Tanzania
2195,USA,2011,990000.0,United States of America
2196,URY,2011,7900.0,Uruguay
2197,UZB,2011,29000.0,Uzbekistan
2198,VNM,2011,220000.0,Viet Nam
2199,YEM,2011,5400.0,Yemen
2200,ZMB,2011,1100000.0,Zambia
2201,ZWE,2011,1200000.0,Zimbabwe
2202,AFG,2010,4600.0,Afghanistan
2203,ALB,2010,630.0,Albania
2204,DZA,2010,5800.0,Algeria
2205,AGO,2010,250000.0,Angola
2206,ARG,2010,100000.0,Argentina
2207,ARM,2010,3900.0,Armenia
2208,AUS,2010,21000.0,Australia
2209,AZE,2010,8600.0,Azerbaijan
2210,BHS,2010,4600.0,Bahamas
2211,BLR,2010,14000.0,Belarus
2212,BLZ,2010,2900.0,Belize
2213,BEN,2010,68000.0,Benin
2214,BOL,2010,12000.0,Bolivia
2215,BWA,2010,330000.0,Botswana
2216,BRA,2010,640000.0,Brazil
2217,BFA,2010,120000.0,Burkina Faso
2218,BDI,2010,95000.0,Burundi
2219,KHM,2010,82000.0,Cambodia
2220,CMR,2010,520000.0,Cameroon
2221,CAN,2010,50000.0,Canada
2222,CPV,2010,1900.0,Cape Verde
2223,CAF,2010,120000.0,Central African Republic
2224,CHL,2010,36000.0,Chile
2225,COL,2010,120000.0,Colombia
2226,COG,2010,88000.0,Congo
2227,CRI,2010,7000.0,Costa Rica
2228,CIV,2010,500000.0,Côte d'Ivoire
2229,HRV,2010,1100.0,Croatia
2230,CUB,2010,17000.0,Cuba
2231,COD,2010,540000.0,Democratic Republic of the Congo
2232,DNK,2010,5400.0,Denmark
2233,DJI,2010,11000.0,Djibouti
2234,DOM,2010,74000.0,Dominican Republic
2235,ECU,2010,31000.0,Ecuador
2236,EGY,2010,5400.0,Egypt
2237,SLV,2010,21000.0,El Salvador
2238,GNQ,2010,34000.0,Equatorial Guinea
2239,ERI,2010,16000.0,Eritrea
2240,EST,2010,5600.0,Estonia
2241,SWZ,2010,170000.0,Swaziland
2242,ETH,2010,650000.0,Ethiopia
2243,GAB,2010,45000.0,Gabon
2244,GMB,2010,21000.0,Gambia
2245,GEO,2010,3100.0,Georgia
2246,DEU,2010,70000.0,Germany
2247,GHA,2010,310000.0,Ghana
2248,GRC,2010,11000.0,Greece
2249,GTM,2010,34000.0,Guatemala
2250,GIN,2010,92000.0,Guinea
2251,GNB,2010,36000.0,Guinea-Bissau
2252,GUY,2010,7100.0,Guyana
2253,HTI,2010,140000.0,Haiti
2254,HND,2010,25000.0,Honduras
2255,ISL,2010,500.0,Iceland
2256,IND,2010,2700000.0,India
2257,IDN,2010,390000.0,Indonesia
2258,IRN,2010,70000.0,"Iran, Islamic Republic of"
2259,IRL,2010,4600.0,Ireland
2260,JAM,2010,27000.0,Jamaica
2261,JPN,2010,22000.0,Japan
2262,KAZ,2010,15000.0,Kazakhstan
2263,KEN,2010,1400000.0,Kenya
2264,KGZ,2010,3800.0,Kyrgyzstan
2265,LAO,2010,9000.0,Lao People's Democratic Republic
2266,LBN,2010,1400.0,Lebanon
2267,LSO,2010,280000.0,Lesotho
2268,LBR,2010,39000.0,Liberia
2269,LBY,2010,5600.0,Libyan Arab Jamahiriya
2270,MDG,2010,11000.0,Madagascar
2271,MWI,2010,930000.0,Malawi
2272,MYS,2010,73000.0,Malaysia
2273,MLI,2010,120000.0,Mali
2274,MRT,2010,9600.0,Mauritania
2275,MUS,2010,12000.0,Mauritius
2276,MEX,2010,230000.0,Mexico
2277,MAR,2010,18000.0,Morocco
2278,MOZ,2010,1500000.0,Mozambique
2279,NAM,2010,180000.0,Namibia
2280,NPL,2010,31000.0,Nepal
2281,NLD,2010,20000.0,Netherlands
2282,NZL,2010,2400.0,New Zealand
2283,NIC,2010,7500.0,Nicaragua
2284,NER,2010,37000.0,Niger
2285,NGA,2010,1400000.0,Nigeria
2286,PAK,2010,67000.0,Pakistan
2287,PAN,2010,19000.0,Panama
2288,PNG,2010,33000.0,Papua New Guinea
2289,PRY,2010,15000.0,Paraguay
2290,PER,2010,59000.0,Peru
2291,PHL,2010,17000.0,Philippines
2292,PRT,2010,38000.0,Portugal
2293,MDA,2010,13000.0,Moldova
2294,ROU,2010,15000.0,Romania
2295,RWA,2010,210000.0,Rwanda
2296,STP,2010,690.0,Sao Tome and Principe
2297,SAU,2010,4800.0,Saudi Arabia
2298,SEN,2010,47000.0,Senegal
2299,SRB,2010,1800.0,Serbia
2300,SLE,2010,66000.0,Sierra Leone
2301,SGP,2010,6100.0,Singapore
2302,SOM,2010,14000.0,Somalia
2303,ZAF,2010,5800000.0,South Africa
2304,SSD,2010,140000.0,NF
2305,ESP,2010,130000.0,Spain
2306,LKA,2010,3900.0,Sri Lanka
2307,SDN,2010,42000.0,Sudan
2308,SUR,2010,4700.0,Suriname
2309,CHE,2010,15000.0,Switzerland
2310,TJK,2010,5200.0,Tajikistan
2311,THA,2010,620000.0,Thailand
2312,TTO,2010,12000.0,Trinidad and Tobago
2313,TUN,2010,2700.0,Tunisia
2314,UGA,2010,1200000.0,Uganda
2315,UKR,2010,230000.0,Ukraine
2316,TZA,2010,1400000.0,United Republic of Tanzania
2317,USA,2010,960000.0,United States of America
2318,URY,2010,7600.0,Uruguay
2319,UZB,2010,24000.0,Uzbekistan
2320,VNM,2010,210000.0,Viet Nam
2321,YEM,2010,5000.0,Yemen
2322,ZMB,2010,1100000.0,Zambia
2323,ZWE,2010,1200000.0,Zimbabwe
3552,COM,2020,200.0,Comoros
3553,QAT,2020,200.0,Qatar
3554,COM,2019,200.0,Comoros
3555,QAT,2019,200.0,Qatar
3556,COM,2018,200.0,Comoros
3557,QAT,2018,200.0,Qatar
3558,COM,2017,200.0,Comoros
3559,QAT,2017,100.0,Qatar
3560,COM,2016,200.0,Comoros
3561,QAT,2016,100.0,Qatar
3562,COM,2015,200.0,Comoros
3563,QAT,2015,100.0,Qatar
3564,COM,2014,200.0,Comoros
3565,QAT,2014,100.0,Qatar
3566,COM,2013,200.0,Comoros
3567,QAT,2013,100.0,Qatar
3568,COM,2012,200.0,Comoros
3569,QAT,2012,100.0,Qatar
3570,COM,2011,200.0,Comoros
3571,QAT,2011,100.0,Qatar
3572,ARE,2011,200.0,United Arab Emirates
3573,COM,2010,200.0,Comoros
3574,QAT,2010,100.0,Qatar
3575,ARE,2010,200.0,United Arab Emirates
3624,TCD,2020,110000.0,Chad
3625,COG,2020,110000.0,Congo
3626,GIN,2020,110000.0,Guinea
3627,MLI,2020,110000.0,Mali
3628,TGO,2020,110000.0,Togo
3629,TCD,2019,110000.0,Chad
3630,COG,2019,110000.0,Congo
3631,GIN,2019,110000.0,Guinea
3632,MLI,2019,110000.0,Mali
3633,TGO,2019,110000.0,Togo
3634,TCD,2018,110000.0,Chad
3635,COG,2018,110000.0,Congo
3636,GIN,2018,110000.0,Guinea
3637,MLI,2018,110000.0,Mali
3638,TGO,2018,110000.0,Togo
3639,VEN,2018,110000.0,Venezuela (Bolivarian Republic of)
3640,TCD,2017,110000.0,Chad
3641,GIN,2017,110000.0,Guinea
3642,MLI,2017,110000.0,Mali
3643,TGO,2017,110000.0,Togo
3644,VEN,2017,110000.0,Venezuela (Bolivarian Republic of)
3645,BFA,2016,110000.0,Burkina Faso
3646,TCD,2016,110000.0,Chad
3647,GIN,2016,110000.0,Guinea
3648,MLI,2016,110000.0,Mali
3649,TGO,2016,110000.0,Togo
3650,BFA,2015,110000.0,Burkina Faso
3651,TCD,2015,110000.0,Chad
3652,MLI,2015,110000.0,Mali
3653,TGO,2015,110000.0,Togo
3654,BFA,2014,110000.0,Burkina Faso
3655,TCD,2014,110000.0,Chad
3656,MLI,2014,110000.0,Mali
3657,PAK,2014,110000.0,Pakistan
3658,TGO,2014,110000.0,Togo
3659,ARG,2013,110000.0,Argentina
3660,CAF,2013,110000.0,Central African Republic
3661,TCD,2013,110000.0,Chad
3662,TGO,2013,110000.0,Togo
3663,ARG,2012,110000.0,Argentina
3664,CAF,2012,110000.0,Central African Republic
3665,TCD,2012,110000.0,Chad
3666,TGO,2012,110000.0,Togo
3667,TCD,2011,110000.0,Chad
3668,ITA,2011,110000.0,Italy
3669,TGO,2011,110000.0,Togo
3670,VEN,2011,110000.0,Venezuela (Bolivarian Republic of)
3671,TCD,2010,110000.0,Chad
3672,ITA,2010,110000.0,Italy
3673,TGO,2010,110000.0,Togo
3674,VEN,2010,110000.0,Venezuela (Bolivarian Republic of)
3699,BTN,2020,1300.0,Bhutan
3700,ISL,2020,500.0,Iceland
3701,STP,2020,530.0,Sao Tome and Principe
3702,ARE,2020,540.0,United Arab Emirates
3703,BTN,2019,1300.0,Bhutan
3704,ISL,2019,500.0,Iceland
3705,STP,2019,540.0,Sao Tome and Principe
3706,ARE,2019,500.0,United Arab Emirates
3707,BTN,2018,1300.0,Bhutan
3708,ISL,2018,500.0,Iceland
3709,STP,2018,550.0,Sao Tome and Principe
3710,ARE,2018,500.0,United Arab Emirates
3711,BTN,2017,1300.0,Bhutan
3712,ISL,2017,500.0,Iceland
3713,STP,2017,560.0,Sao Tome and Principe
3714,ARE,2017,500.0,United Arab Emirates
3715,BTN,2016,1300.0,Bhutan
3716,ISL,2016,500.0,Iceland
3717,MNG,2016,560.0,Mongolia
3718,STP,2016,570.0,Sao Tome and Principe
3719,ARE,2016,500.0,United Arab Emirates
3720,BTN,2015,1200.0,Bhutan
3721,ISL,2015,500.0,Iceland
3722,MNG,2015,540.0,Mongolia
3723,STP,2015,590.0,Sao Tome and Principe
3724,SVN,2015,770.0,Slovenia
3725,ARE,2015,500.0,United Arab Emirates
3726,BTN,2014,1200.0,Bhutan
3727,ISL,2014,500.0,Iceland
3728,MNG,2014,510.0,Mongolia
3729,STP,2014,600.0,Sao Tome and Principe
3730,SVN,2014,750.0,Slovenia
3731,BTN,2013,1200.0,Bhutan
3732,FJI,2013,650.0,Fiji
3733,ISL,2013,500.0,Iceland
3734,MNG,2013,500.0,Mongolia
3735,SVN,2013,730.0,Slovenia
3736,BTN,2012,1200.0,Bhutan
3737,FJI,2012,580.0,Fiji
3738,ISL,2012,500.0,Iceland
3739,JOR,2012,540.0,Jordan
3740,MNG,2012,500.0,Mongolia
3741,SVN,2012,710.0,Slovenia
3742,SYR,2012,580.0,Syrian Arab Republic
3743,TLS,2012,600.0,Timor-Leste
3744,BTN,2011,1200.0,Bhutan
3745,FJI,2011,530.0,Fiji
3746,JOR,2011,500.0,Jordan
3747,MNG,2011,500.0,Mongolia
3748,SVN,2011,680.0,Slovenia
3749,SYR,2011,540.0,Syrian Arab Republic
3750,TLS,2011,540.0,Timor-Leste
3751,BTN,2010,1200.0,Bhutan
3752,FJI,2010,500.0,Fiji
3753,JOR,2010,500.0,Jordan
3754,MNG,2010,500.0,Mongolia
3755,SVN,2010,640.0,Slovenia
3756,SYR,2010,510.0,Syrian Arab Republic
3757,TLS,2010,500.0,Timor-Leste
